Peak,Exp1_W1,Exp1_W2,Exp2_W1,Exp2_W2,CSP
2ALAN-H,122.31,8.062,122.289,8.063,0.011
5TYRN-H,115.378,7.273,115.35,7.271,0.014
6GLUN-H,121.466,8.103,121.475,8.104,0.005
7ILEN-H,120.136,7.44,120.12,7.445,0.008
8LEUN-H,115.35,7.042,115.35,7.041,0.0
9ASPN-H,119.949,7.906,119.977,7.906,0.014
10VALN-H,111.934,8.107,111.953,8.112,0.01
12ARGN-H,118.923,8.241,118.929,8.247,0.003
13SERN-H,107.941,7.137,107.962,7.142,0.011
14ALAN-H,124.744,7.598,124.751,7.6,0.004
15SERN-H,119.315,9.239,119.337,9.243,0.011
16ALAN-H,123.378,8.967,123.382,8.969,0.002
17ASPN-H,118.837,8.349,118.905,8.352,0.034
18ASPN-H,121.941,7.997,121.579,7.987,0.181
19ILEN-H,122.763,8.131,122.738,8.129,0.013
20LYSN-H,121.482,7.998,121.862,7.991,0.19
21LYSN-H,119.144,8.136,118.978,8.14,0.083
22ALAN-H,123.428,8.033,123.311,8.034,0.059
23TYRN-H,118.941,8.489,119.057,8.488,0.058
24ARGN-H,117.889,7.818,117.947,7.823,0.029
25ARGN-H,117.593,7.556,117.549,7.577,0.022
26LYSN-H,121.057,8.418,120.927,8.433,0.065
27ALAN-H,123.006,8.961,123.013,8.963,0.004
28LEUN-H,116.641,7.095,116.641,7.095,0.0
29GLNN-H,118.838,7.506,118.843,7.513,0.003
30TRPN-H,114.884,7.66,114.884,7.66,0.0
31HISN-H,122.109,7.241,122.108,7.242,0.001
33ASPN-H,120.631,10.764,120.657,10.752,0.013
34LYSN-H,117.058,7.79,117.037,7.791,0.011
35ASNN-H,119.453,7.524,119.454,7.542,0.002
37ASPN-H,117.377,8.474,117.225,8.473,0.076
38ASNN-H,121.085,7.847,121.188,7.866,0.052
39LYSN-H,122.449,8.312,122.215,8.291,0.117
40GLUN-H,119.962,8.698,120.112,8.693,0.075
41PHEN-H,122.081,8.237,122.182,8.259,0.051
42ALAN-H,120.723,8.182,120.703,8.188,0.01
43GLUN-H,117.762,8.464,117.547,8.479,0.108
44LYSN-H,120.076,7.29,119.903,7.271,0.087
45LYSN-H,119.778,7.527,119.783,7.521,0.003
46PHEN-H,121.924,9.277,121.925,9.277,0.0
47LYSN-H,120.144,8.054,120.114,8.057,0.015
48GLUN-H,119.549,7.466,119.548,7.466,0.001
49VALN-H,120.568,7.642,120.582,7.646,0.007
50ALAN-H,122.462,8.008,122.44,8.008,0.011
51GLUN-H,120.519,7.843,120.56,7.826,0.021
52ALAN-H,119.952,7.76,119.948,7.745,0.003
53TYRN-H,116.484,8.189,116.537,8.197,0.027
54GLUN-H,122.575,8.02,122.677,8.035,0.051
55VALN-H,115.648,6.72,115.647,6.722,0.001
56LEUN-H,111.506,7.673,111.535,7.682,0.015
57SERN-H,109.454,7.746,109.475,7.756,0.011
58ASPN-H,125.819,6.945,125.851,6.953,0.016
59LYSN-H,126.402,8.684,126.38,8.694,0.011
60HISN-H,118.043,7.97,118.009,7.979,0.017
61LYSN-H,121.09,8.606,121.12,8.601,0.015
62ARGN-H,122.909,9.314,122.942,9.324,0.017
63GLUN-H,118.94,7.578,118.933,7.579,0.004
64ILEN-H,120.092,7.473,120.093,7.479,0.001
65TYRN-H,123.367,8.424,123.38,8.426,0.007
66ASPN-H,120.99,9.199,120.997,9.202,0.004
67ARGN-H,118.673,7.526,118.675,7.53,0.001
68TYRN-H,117.173,8.162,117.17,8.165,0.002
69GLYN-H,110.88,8.305,110.881,8.307,0.001
70ARGN-H,120.068,8.048,120.117,8.026,0.025
71GLUN-H,122.633,8.498,122.605,8.497,0.014
72GLYN-H,116.3,7.878,116.306,7.881,0.003
